Country Name,Country Code,Indicator Name,Indicator Code,Year,Value
Ethiopia,ETH,"Life expectancy at birth, total (years)",SP.DYN.LE00.IN,1960,40.33
Ghana,GHA,"Life expectancy at birth, total (years)",SP.DYN.LE00.IN,1960,47.096
Kenya,KEN,"Life expectancy at birth, total (years)",SP.DYN.LE00.IN,1960,48.68
South Africa,ZAF,"Life expectancy at birth, total (years)",SP.DYN.LE00.IN,1960,52.669
Ethiopia,ETH,"Life expectancy at birth, total (years)",SP.DYN.LE00.IN,1961,40.995
Ghana,GHA,"Life expectancy at birth, total (years)",SP.DYN.LE00.IN,1961,47.325
Kenya,KEN,"Life expectancy at birth, total (years)",SP.DYN.LE00.IN,1961,49.533
South Africa,ZAF,"Life expectancy at birth, total (years)",SP.DYN.LE00.IN,1961,53.085
Ethiopia,ETH,"Life expectancy at birth, total (years)",SP.DYN.LE00.IN,1962,41.403
Ghana,GHA,"Life expectancy at birth, total (years)",SP.DYN.LE00.IN,1962,47.405
Kenya,KEN,"Life expectancy at birth, total (years)",SP.DYN.LE00.IN,1962,50.224
South Africa,ZAF,"Life expectancy at birth, total (years)",SP.DYN.LE00.IN,1962,53.376
Ethiopia,ETH,"Life expectancy at birth, total (years)",SP.DYN.LE00.IN,1963,41.956
Ghana,GHA,"Life expectancy at birth, total (years)",SP.DYN.LE00.IN,1963,47.578
Kenya,KEN,"Life expectancy at birth, total (years)",SP.DYN.LE00.IN,1963,50.808
South Africa,ZAF,"Life expectancy at birth, total (years)",SP.DYN.LE00.IN,1963,53.633
Ethiopia,ETH,"Life expectancy at birth, total (years)",SP.DYN.LE00.IN,1964,42.275
Ghana,GHA,"Life expectancy at birth, total (years)",SP.DYN.LE00.IN,1964,47.719
Kenya,KEN,"Life expectancy at birth, total (years)",SP.DYN.LE00.IN,1964,51.328
South Africa,ZAF,"Life expectancy at birth, total (years)",SP.DYN.LE00.IN,1964,53.906
Ethiopia,ETH,"Life expectancy at birth, total (years)",SP.DYN.LE00.IN,1965,42.444
Ghana,GHA,"Life expectancy at birth, total (years)",SP.DYN.LE00.IN,1965,47.778
Kenya,KEN,"Life expectancy at birth, total (years)",SP.DYN.LE00.IN,1965,51.7
South Africa,ZAF,"Life expectancy at birth, total (years)",SP.DYN.LE00.IN,1965,54.192
Ethiopia,ETH,"Life expectancy at birth, total (years)",SP.DYN.LE00.IN,1966,40.15
Ghana,GHA,"Life expectancy at birth, total (years)",SP.DYN.LE00.IN,1966,47.727
Kenya,KEN,"Life expectancy at birth, total (years)",SP.DYN.LE00.IN,1966,52.097
South Africa,ZAF,"Life expectancy at birth, total (years)",SP.DYN.LE00.IN,1966,54.391
Ethiopia,ETH,"Life expectancy at birth, total (years)",SP.DYN.LE00.IN,1967,42.692
Ghana,GHA,"Life expectancy at birth, total (years)",SP.DYN.LE00.IN,1967,47.683
Kenya,KEN,"Life expectancy at birth, total (years)",SP.DYN.LE00.IN,1967,52.455
South Africa,ZAF,"Life expectancy at birth, total (years)",SP.DYN.LE00.IN,1967,54.626
Ethiopia,ETH,"Life expectancy at birth, total (years)",SP.DYN.LE00.IN,1968,42.844
Ghana,GHA,"Life expectancy at birth, total (years)",SP.DYN.LE00.IN,1968,47.57
Kenya,KEN,"Life expectancy at birth, total (years)",SP.DYN.LE00.IN,1968,52.781
South Africa,ZAF,"Life expectancy at birth, total (years)",SP.DYN.LE00.IN,1968,54.876
Ethiopia,ETH,"Life expectancy at birth, total (years)",SP.DYN.LE00.IN,1969,42.83
Ghana,GHA,"Life expectancy at birth, total (years)",SP.DYN.LE00.IN,1969,47.565
Kenya,KEN,"Life expectancy at birth, total (years)",SP.DYN.LE00.IN,1969,53.169
South Africa,ZAF,"Life expectancy at birth, total (years)",SP.DYN.LE00.IN,1969,55.194
Ethiopia,ETH,"Life expectancy at birth, total (years)",SP.DYN.LE00.IN,1970,42.815
Ghana,GHA,"Life expectancy at birth, total (years)",SP.DYN.LE00.IN,1970,47.805
Kenya,KEN,"Life expectancy at birth, total (years)",SP.DYN.LE00.IN,1970,53.575
South Africa,ZAF,"Life expectancy at birth, total (years)",SP.DYN.LE00.IN,1970,55.579
Ethiopia,ETH,"Life expectancy at birth, total (years)",SP.DYN.LE00.IN,1971,42.892
Ghana,GHA,"Life expectancy at birth, total (years)",SP.DYN.LE00.IN,1971,47.798
Kenya,KEN,"Life expectancy at birth, total (years)",SP.DYN.LE00.IN,1971,54.258
South Africa,ZAF,"Life expectancy at birth, total (years)",SP.DYN.LE00.IN,1971,55.955
Ethiopia,ETH,"Life expectancy at birth, total (years)",SP.DYN.LE00.IN,1972,41.55
Ghana,GHA,"Life expectancy at birth, total (years)",SP.DYN.LE00.IN,1972,48.026
Kenya,KEN,"Life expectancy at birth, total (years)",SP.DYN.LE00.IN,1972,55.012
South Africa,ZAF,"Life expectancy at birth, total (years)",SP.DYN.LE00.IN,1972,56.272
Ethiopia,ETH,"Life expectancy at birth, total (years)",SP.DYN.LE00.IN,1973,41.635
Ghana,GHA,"Life expectancy at birth, total (years)",SP.DYN.LE00.IN,1973,48.398
Kenya,KEN,"Life expectancy at birth, total (years)",SP.DYN.LE00.IN,1973,55.677
South Africa,ZAF,"Life expectancy at birth, total (years)",SP.DYN.LE00.IN,1973,56.722
Ethiopia,ETH,"Life expectancy at birth, total (years)",SP.DYN.LE00.IN,1974,39.453
Ghana,GHA,"Life expectancy at birth, total (years)",SP.DYN.LE00.IN,1974,48.777
Kenya,KEN,"Life expectancy at birth, total (years)",SP.DYN.LE00.IN,1974,55.634
South Africa,ZAF,"Life expectancy at birth, total (years)",SP.DYN.LE00.IN,1974,57.117
Ethiopia,ETH,"Life expectancy at birth, total (years)",SP.DYN.LE00.IN,1975,39.356
Ghana,GHA,"Life expectancy at birth, total (years)",SP.DYN.LE00.IN,1975,49.246
Kenya,KEN,"Life expectancy at birth, total (years)",SP.DYN.LE00.IN,1975,55.826
South Africa,ZAF,"Life expectancy at birth, total (years)",SP.DYN.LE00.IN,1975,57.512
Ethiopia,ETH,"Life expectancy at birth, total (years)",SP.DYN.LE00.IN,1976,41.895
Ghana,GHA,"Life expectancy at birth, total (years)",SP.DYN.LE00.IN,1976,49.764
Kenya,KEN,"Life expectancy at birth, total (years)",SP.DYN.LE00.IN,1976,55.895
South Africa,ZAF,"Life expectancy at birth, total (years)",SP.DYN.LE00.IN,1976,58.006
Ethiopia,ETH,"Life expectancy at birth, total (years)",SP.DYN.LE00.IN,1977,41.893
Ghana,GHA,"Life expectancy at birth, total (years)",SP.DYN.LE00.IN,1977,50.085
Kenya,KEN,"Life expectancy at birth, total (years)",SP.DYN.LE00.IN,1977,56.486
South Africa,ZAF,"Life expectancy at birth, total (years)",SP.DYN.LE00.IN,1977,58.492
Ethiopia,ETH,"Life expectancy at birth, total (years)",SP.DYN.LE00.IN,1978,41.9
Ghana,GHA,"Life expectancy at birth, total (years)",SP.DYN.LE00.IN,1978,50.571
Kenya,KEN,"Life expectancy at birth, total (years)",SP.DYN.LE00.IN,1978,56.944
South Africa,ZAF,"Life expectancy at birth, total (years)",SP.DYN.LE00.IN,1978,58.979
Ethiopia,ETH,"Life expectancy at birth, total (years)",SP.DYN.LE00.IN,1979,42.807
Ghana,GHA,"Life expectancy at birth, total (years)",SP.DYN.LE00.IN,1979,50.932
Kenya,KEN,"Life expectancy at birth, total (years)",SP.DYN.LE00.IN,1979,57.722
South Africa,ZAF,"Life expectancy at birth, total (years)",SP.DYN.LE00.IN,1979,59.395
Ethiopia,ETH,"Life expectancy at birth, total (years)",SP.DYN.LE00.IN,1980,43.217
Ghana,GHA,"Immunization, DPT (% of children ages 12-23 months)",SH.IMM.IDPT,1980,7.0
Ghana,GHA,"Life expectancy at birth, total (years)",SP.DYN.LE00.IN,1980,51.117
Kenya,KEN,"Life expectancy at birth, total (years)",SP.DYN.LE00.IN,1980,58.501
South Africa,ZAF,"Life expectancy at birth, total (years)",SP.DYN.LE00.IN,1980,59.813
Ethiopia,ETH,"Immunization, DPT (% of children ages 12-23 months)",SH.IMM.IDPT,1981,3.0
Ethiopia,ETH,"Life expectancy at birth, total (years)",SP.DYN.LE00.IN,1981,43.608
Ghana,GHA,"Immunization, DPT (% of children ages 12-23 months)",SH.IMM.IDPT,1981,22.0
Ghana,GHA,"Life expectancy at birth, total (years)",SP.DYN.LE00.IN,1981,51.269
Kenya,KEN,"Life expectancy at birth, total (years)",SP.DYN.LE00.IN,1981,61.165
South Africa,ZAF,"Life expectancy at birth, total (years)",SP.DYN.LE00.IN,1981,60.364
Ethiopia,ETH,"Immunization, DPT (% of children ages 12-23 months)",SH.IMM.IDPT,1982,3.0
Ethiopia,ETH,"Life expectancy at birth, total (years)",SP.DYN.LE00.IN,1982,43.767
Ghana,GHA,"Immunization, DPT (% of children ages 12-23 months)",SH.IMM.IDPT,1982,23.0
Ghana,GHA,"Life expectancy at birth, total (years)",SP.DYN.LE00.IN,1982,51.383
Kenya,KEN,"Life expectancy at birth, total (years)",SP.DYN.LE00.IN,1982,60.953
South Africa,ZAF,"Life expectancy at birth, total (years)",SP.DYN.LE00.IN,1982,60.933
Ethiopia,ETH,"Immunization, DPT (% of children ages 12-23 months)",SH.IMM.IDPT,1983,4.0
Ethiopia,ETH,"Life expectancy at birth, total (years)",SP.DYN.LE00.IN,1983,36.036
Ghana,GHA,"Immunization, DPT (% of children ages 12-23 months)",SH.IMM.IDPT,1983,23.0
Ghana,GHA,"Life expectancy at birth, total (years)",SP.DYN.LE00.IN,1983,51.622
Kenya,KEN,"Life expectancy at birth, total (years)",SP.DYN.LE00.IN,1983,61.012
South Africa,ZAF,"Immunization, DPT (% of children ages 12-23 months)",SH.IMM.IDPT,1983,74.0
South Africa,ZAF,"Life expectancy at birth, total (years)",SP.DYN.LE00.IN,1983,61.465
Ethiopia,ETH,"Immunization, DPT (% of children ages 12-23 months)",SH.IMM.IDPT,1984,4.0
Ethiopia,ETH,"Life expectancy at birth, total (years)",SP.DYN.LE00.IN,1984,36.429
Ghana,GHA,"Immunization, DPT (% of children ages 12-23 months)",SH.IMM.IDPT,1984,19.0
Ghana,GHA,"Life expectancy at birth, total (years)",SP.DYN.LE00.IN,1984,52.051
Kenya,KEN,"Immunization, DPT (% of children ages 12-23 months)",SH.IMM.IDPT,1984,58.0
Kenya,KEN,"Life expectancy at birth, total (years)",SP.DYN.LE00.IN,1984,60.804
South Africa,ZAF,"Immunization, DPT (% of children ages 12-23 months)",SH.IMM.IDPT,1984,75.0
South Africa,ZAF,"Life expectancy at birth, total (years)",SP.DYN.LE00.IN,1984,61.907
Ethiopia,ETH,"Immunization, DPT (% of children ages 12-23 months)",SH.IMM.IDPT,1985,6.0
Ethiopia,ETH,"Life expectancy at birth, total (years)",SP.DYN.LE00.IN,1985,37.364
Ghana,GHA,"Immunization, DPT (% of children ages 12-23 months)",SH.IMM.IDPT,1985,22.0
Ghana,GHA,"Life expectancy at birth, total (years)",SP.DYN.LE00.IN,1985,52.416
Kenya,KEN,"Immunization, DPT (% of children ages 12-23 months)",SH.IMM.IDPT,1985,70.0
Kenya,KEN,"Life expectancy at birth, total (years)",SP.DYN.LE00.IN,1985,60.58
South Africa,ZAF,"Immunization, DPT (% of children ages 12-23 months)",SH.IMM.IDPT,1985,75.0
South Africa,ZAF,"Life expectancy at birth, total (years)",SP.DYN.LE00.IN,1985,62.38
Ethiopia,ETH,"Immunization, DPT (% of children ages 12-23 months)",SH.IMM.IDPT,1986,7.0
Ethiopia,ETH,"Life expectancy at birth, total (years)",SP.DYN.LE00.IN,1986,37.811
Ghana,GHA,"Immunization, DPT (% of children ages 12-23 months)",SH.IMM.IDPT,1986,35.0
Ghana,GHA,"Life expectancy at birth, total (years)",SP.DYN.LE00.IN,1986,53.125
Kenya,KEN,"Immunization, DPT (% of children ages 12-23 months)",SH.IMM.IDPT,1986,72.0
Kenya,KEN,"Life expectancy at birth, total (years)",SP.DYN.LE00.IN,1986,60.216
South Africa,ZAF,"Immunization, DPT (% of children ages 12-23 months)",SH.IMM.IDPT,1986,70.0
South Africa,ZAF,"Life expectancy at birth, total (years)",SP.DYN.LE00.IN,1986,62.912
Ethiopia,ETH,"Immunization, DPT (% of children ages 12-23 months)",SH.IMM.IDPT,1987,16.0
Ethiopia,ETH,"Life expectancy at birth, total (years)",SP.DYN.LE00.IN,1987,45.44
Ghana,GHA,"Immunization, DPT (% of children ages 12-23 months)",SH.IMM.IDPT,1987,42.0
Ghana,GHA,"Life expectancy at birth, total (years)",SP.DYN.LE00.IN,1987,53.824
Kenya,KEN,"Immunization, DPT (% of children ages 12-23 months)",SH.IMM.IDPT,1987,77.0
Kenya,KEN,"Life expectancy at birth, total (years)",SP.DYN.LE00.IN,1987,60.044
South Africa,ZAF,"Immunization, DPT (% of children ages 12-23 months)",SH.IMM.IDPT,1987,72.0
South Africa,ZAF,"Life expectancy at birth, total (years)",SP.DYN.LE00.IN,1987,63.041
Ethiopia,ETH,"Immunization, DPT (% of children ages 12-23 months)",SH.IMM.IDPT,1988,16.0
Ethiopia,ETH,"Life expectancy at birth, total (years)",SP.DYN.LE00.IN,1988,45.061
Ghana,GHA,"Immunization, DPT (% of children ages 12-23 months)",SH.IMM.IDPT,1988,47.0
Ghana,GHA,"Life expectancy at birth, total (years)",SP.DYN.LE00.IN,1988,54.507
Kenya,KEN,"Immunization, DPT (% of children ages 12-23 months)",SH.IMM.IDPT,1988,82.0
Kenya,KEN,"Life expectancy at birth, total (years)",SP.DYN.LE00.IN,1988,59.539
South Africa,ZAF,"Immunization, DPT (% of children ages 12-23 months)",SH.IMM.IDPT,1988,70.0
South Africa,ZAF,"Life expectancy at birth, total (years)",SP.DYN.LE00.IN,1988,63.345
Ethiopia,ETH,"Immunization, DPT (% of children ages 12-23 months)",SH.IMM.IDPT,1989,26.0
Ethiopia,ETH,"Life expectancy at birth, total (years)",SP.DYN.LE00.IN,1989,45.036
Ghana,GHA,"Immunization, DPT (% of children ages 12-23 months)",SH.IMM.IDPT,1989,51.0
Ghana,GHA,"Life expectancy at birth, total (years)",SP.DYN.LE00.IN,1989,55.191
Kenya,KEN,"Immunization, DPT (% of children ages 12-23 months)",SH.IMM.IDPT,1989,83.0
Kenya,KEN,"Life expectancy at birth, total (years)",SP.DYN.LE00.IN,1989,59.04
South Africa,ZAF,"Immunization, DPT (% of children ages 12-23 months)",SH.IMM.IDPT,1989,71.0
South Africa,ZAF,"Life expectancy at birth, total (years)",SP.DYN.LE00.IN,1989,63.31
Ethiopia,ETH,"Immunization, DPT (% of children ages 12-23 months)",SH.IMM.IDPT,1990,49.0
Ethiopia,ETH,"Life expectancy at birth, total (years)",SP.DYN.LE00.IN,1990,44.557
Ghana,GHA,"Immunization, DPT (% of children ages 12-23 months)",SH.IMM.IDPT,1990,58.0
Ghana,GHA,"Life expectancy at birth, total (years)",SP.DYN.LE00.IN,1990,55.62
Kenya,KEN,"Immunization, DPT (% of children ages 12-23 months)",SH.IMM.IDPT,1990,84.0
Kenya,KEN,"Life expectancy at birth, total (years)",SP.DYN.LE00.IN,1990,58.614
South Africa,ZAF,"Immunization, DPT (% of children ages 12-23 months)",SH.IMM.IDPT,1990,72.0
South Africa,ZAF,"Life expectancy at birth, total (years)",SP.DYN.LE00.IN,1990,63.375
Ethiopia,ETH,"Immunization, DPT (% of children ages 12-23 months)",SH.IMM.IDPT,1991,21.0
Ethiopia,ETH,"Life expectancy at birth, total (years)",SP.DYN.LE00.IN,1991,46.13
Ghana,GHA,"Immunization, DPT (% of children ages 12-23 months)",SH.IMM.IDPT,1991,60.0
Ghana,GHA,"Life expectancy at birth, total (years)",SP.DYN.LE00.IN,1991,56.012
Kenya,KEN,"Immunization, DPT (% of children ages 12-23 months)",SH.IMM.IDPT,1991,86.0
Kenya,KEN,"Life expectancy at birth, total (years)",SP.DYN.LE00.IN,1991,58.005
South Africa,ZAF,"Immunization, DPT (% of children ages 12-23 months)",SH.IMM.IDPT,1991,81.0
South Africa,ZAF,"Life expectancy at birth, total (years)",SP.DYN.LE00.IN,1991,63.265
Ethiopia,ETH,"Immunization, DPT (% of children ages 12-23 months)",SH.IMM.IDPT,1992,13.0
Ethiopia,ETH,"Life expectancy at birth, total (years)",SP.DYN.LE00.IN,1992,46.901
Ghana,GHA,"Immunization, DPT (% of children ages 12-23 months)",SH.IMM.IDPT,1992,62.0
Ghana,GHA,"Life expectancy at birth, total (years)",SP.DYN.LE00.IN,1992,56.231
Kenya,KEN,"Immunization, DPT (% of children ages 12-23 months)",SH.IMM.IDPT,1992,87.0
Kenya,KEN,"Life expectancy at birth, total (years)",SP.DYN.LE00.IN,1992,57.259
South Africa,ZAF,"Immunization, DPT (% of children ages 12-23 months)",SH.IMM.IDPT,1992,79.0
South Africa,ZAF,"Life expectancy at birth, total (years)",SP.DYN.LE00.IN,1992,63.341
Ethiopia,ETH,"Immunization, DPT (% of children ages 12-23 months)",SH.IMM.IDPT,1993,28.0
Ethiopia,ETH,"Life expectancy at birth, total (years)",SP.DYN.LE00.IN,1993,47.394
Ghana,GHA,"Immunization, DPT (% of children ages 12-23 months)",SH.IMM.IDPT,1993,66.0
Ghana,GHA,"Life expectancy at birth, total (years)",SP.DYN.LE00.IN,1993,56.416
Kenya,KEN,"Immunization, DPT (% of children ages 12-23 months)",SH.IMM.IDPT,1993,89.0
Kenya,KEN,"Life expectancy at birth, total (years)",SP.DYN.LE00.IN,1993,56.617
South Africa,ZAF,"Immunization, DPT (% of children ages 12-23 months)",SH.IMM.IDPT,1993,81.0
South Africa,ZAF,"Life expectancy at birth, total (years)",SP.DYN.LE00.IN,1993,63.045
Ethiopia,ETH,"Immunization, DPT (% of children ages 12-23 months)",SH.IMM.IDPT,1994,57.0
Ethiopia,ETH,"Life expectancy at birth, total (years)",SP.DYN.LE00.IN,1994,47.861
Ghana,GHA,"Immunization, DPT (% of children ages 12-23 months)",SH.IMM.IDPT,1994,70.0
Ghana,GHA,"Life expectancy at birth, total (years)",SP.DYN.LE00.IN,1994,56.112
Kenya,KEN,"Immunization, DPT (% of children ages 12-23 months)",SH.IMM.IDPT,1994,92.0
Kenya,KEN,"Life expectancy at birth, total (years)",SP.DYN.LE00.IN,1994,56.273
South Africa,ZAF,"Immunization, DPT (% of children ages 12-23 months)",SH.IMM.IDPT,1994,73.0
South Africa,ZAF,"Life expectancy at birth, total (years)",SP.DYN.LE00.IN,1994,62.612
Ethiopia,ETH,"Immunization, DPT (% of children ages 12-23 months)",SH.IMM.IDPT,1995,57.0
Ethiopia,ETH,"Life expectancy at birth, total (years)",SP.DYN.LE00.IN,1995,48.302
Ghana,GHA,"Immunization, DPT (% of children ages 12-23 months)",SH.IMM.IDPT,1995,70.0
Ghana,GHA,"Life expectancy at birth, total (years)",SP.DYN.LE00.IN,1995,56.565
Kenya,KEN,"Immunization, DPT (% of children ages 12-23 months)",SH.IMM.IDPT,1995,94.0
Kenya,KEN,"Life expectancy at birth, total (years)",SP.DYN.LE00.IN,1995,55.617
South Africa,ZAF,"Immunization, DPT (% of children ages 12-23 months)",SH.IMM.IDPT,1995,72.0
South Africa,ZAF,"Life expectancy at birth, total (years)",SP.DYN.LE00.IN,1995,62.262
Ethiopia,ETH,"Immunization, DPT (% of children ages 12-23 months)",SH.IMM.IDPT,1996,55.0
Ethiopia,ETH,"Life expectancy at birth, total (years)",SP.DYN.LE00.IN,1996,48.924
Ghana,GHA,"Immunization, DPT (% of children ages 12-23 months)",SH.IMM.IDPT,1996,71.0
Ghana,GHA,"Life expectancy at birth, total (years)",SP.DYN.LE00.IN,1996,56.82
Kenya,KEN,"Immunization, DPT (% of children ages 12-23 months)",SH.IMM.IDPT,1996,87.0
Kenya,KEN,"Life expectancy at birth, total (years)",SP.DYN.LE00.IN,1996,55.161
South Africa,ZAF,"Immunization, DPT (% of children ages 12-23 months)",SH.IMM.IDPT,1996,73.0
South Africa,ZAF,"Life expectancy at birth, total (years)",SP.DYN.LE00.IN,1996,61.459
Ethiopia,ETH,"Immunization, DPT (% of children ages 12-23 months)",SH.IMM.IDPT,1997,55.0
Ethiopia,ETH,"Life expectancy at birth, total (years)",SP.DYN.LE00.IN,1997,49.514
Ghana,GHA,"Immunization, DPT (% of children ages 12-23 months)",SH.IMM.IDPT,1997,71.0
Ghana,GHA,"Life expectancy at birth, total (years)",SP.DYN.LE00.IN,1997,57.199
Kenya,KEN,"Immunization, DPT (% of children ages 12-23 months)",SH.IMM.IDPT,1997,79.0
Kenya,KEN,"Life expectancy at birth, total (years)",SP.DYN.LE00.IN,1997,54.816
South Africa,ZAF,"Immunization, DPT (% of children ages 12-23 months)",SH.IMM.IDPT,1997,76.0
South Africa,ZAF,"Life expectancy at birth, total (years)",SP.DYN.LE00.IN,1997,60.805
Ethiopia,ETH,"Immunization, DPT (% of children ages 12-23 months)",SH.IMM.IDPT,1998,41.0
Ethiopia,ETH,"Life expectancy at birth, total (years)",SP.DYN.LE00.IN,1998,49.927
Ghana,GHA,"Immunization, DPT (% of children ages 12-23 months)",SH.IMM.IDPT,1998,76.0
Ghana,GHA,"Life expectancy at birth, total (years)",SP.DYN.LE00.IN,1998,57.6
Kenya,KEN,"Immunization, DPT (% of children ages 12-23 months)",SH.IMM.IDPT,1998,81.0
Kenya,KEN,"Life expectancy at birth, total (years)",SP.DYN.LE00.IN,1998,54.526
South Africa,ZAF,"Immunization, DPT (% of children ages 12-23 months)",SH.IMM.IDPT,1998,75.0
South Africa,ZAF,"Life expectancy at birth, total (years)",SP.DYN.LE00.IN,1998,60.001
Ethiopia,ETH,"Immunization, DPT (% of children ages 12-23 months)",SH.IMM.IDPT,1999,27.0
Ethiopia,ETH,"Life expectancy at birth, total (years)",SP.DYN.LE00.IN,1999,49.425
Ghana,GHA,"Immunization, DPT (% of children ages 12-23 months)",SH.IMM.IDPT,1999,79.0
Ghana,GHA,"Life expectancy at birth, total (years)",SP.DYN.LE00.IN,1999,58.03
Kenya,KEN,"Immunization, DPT (% of children ages 12-23 months)",SH.IMM.IDPT,1999,82.0
Kenya,KEN,"Life expectancy at birth, total (years)",SP.DYN.LE00.IN,1999,54.495
South Africa,ZAF,"Immunization, DPT (% of children ages 12-23 months)",SH.IMM.IDPT,1999,74.0
South Africa,ZAF,"Life expectancy at birth, total (years)",SP.DYN.LE00.IN,1999,59.241
Ethiopia,ETH,"Immunization, DPT (% of children ages 12-23 months)",SH.IMM.IDPT,2000,30.0
Ethiopia,ETH,"Life expectancy at birth, total (years)",SP.DYN.LE00.IN,2000,50.538
Ethiopia,ETH,"Maternal mortality ratio (modeled estimate, per 100,000 live births)",SH.STA.MMRT,2000,953.0
Ghana,GHA,"Immunization, DPT (% of children ages 12-23 months)",SH.IMM.IDPT,2000,88.0
Ghana,GHA,"Life expectancy at birth, total (years)",SP.DYN.LE00.IN,2000,58.195
Ghana,GHA,"Maternal mortality ratio (modeled estimate, per 100,000 live births)",SH.STA.MMRT,2000,499.0
Kenya,KEN,"Immunization, DPT (% of children ages 12-23 months)",SH.IMM.IDPT,2000,82.0
Kenya,KEN,"Life expectancy at birth, total (years)",SP.DYN.LE00.IN,2000,54.411
Kenya,KEN,"Maternal mortality ratio (modeled estimate, per 100,000 live births)",SH.STA.MMRT,2000,564.0
South Africa,ZAF,"Immunization, DPT (% of children ages 12-23 months)",SH.IMM.IDPT,2000,73.0
South Africa,ZAF,"Life expectancy at birth, total (years)",SP.DYN.LE00.IN,2000,58.47
South Africa,ZAF,"Maternal mortality ratio (modeled estimate, per 100,000 live births)",SH.STA.MMRT,2000,173.0
Ethiopia,ETH,"Immunization, DPT (% of children ages 12-23 months)",SH.IMM.IDPT,2001,32.0
Ethiopia,ETH,"Life expectancy at birth, total (years)",SP.DYN.LE00.IN,2001,51.043
Ethiopia,ETH,"Maternal mortality ratio (modeled estimate, per 100,000 live births)",SH.STA.MMRT,2001,955.0
Ghana,GHA,"Immunization, DPT (% of children ages 12-23 months)",SH.IMM.IDPT,2001,79.0
Ghana,GHA,"Life expectancy at birth, total (years)",SP.DYN.LE00.IN,2001,58.107
Ghana,GHA,"Maternal mortality ratio (modeled estimate, per 100,000 live births)",SH.STA.MMRT,2001,470.0
Kenya,KEN,"Immunization, DPT (% of children ages 12-23 months)",SH.IMM.IDPT,2001,80.0
Kenya,KEN,"Life expectancy at birth, total (years)",SP.DYN.LE00.IN,2001,54.508
Kenya,KEN,"Maternal mortality ratio (modeled estimate, per 100,000 live births)",SH.STA.MMRT,2001,567.0
South Africa,ZAF,"Immunization, DPT (% of children ages 12-23 months)",SH.IMM.IDPT,2001,71.0
South Africa,ZAF,"Life expectancy at birth, total (years)",SP.DYN.LE00.IN,2001,57.261
South Africa,ZAF,"Maternal mortality ratio (modeled estimate, per 100,000 live births)",SH.STA.MMRT,2001,168.0
Ethiopia,ETH,"Immunization, DPT (% of children ages 12-23 months)",SH.IMM.IDPT,2002,35.0
Ethiopia,ETH,"Life expectancy at birth, total (years)",SP.DYN.LE00.IN,2002,51.517
Ethiopia,ETH,"Maternal mortality ratio (modeled estimate, per 100,000 live births)",SH.STA.MMRT,2002,960.0
Ghana,GHA,"Immunization, DPT (% of children ages 12-23 months)",SH.IMM.IDPT,2002,78.0
Ghana,GHA,"Life expectancy at birth, total (years)",SP.DYN.LE00.IN,2002,58.608
Ghana,GHA,"Maternal mortality ratio (modeled estimate, per 100,000 live births)",SH.STA.MMRT,2002,443.0
Kenya,KEN,"Immunization, DPT (% of children ages 12-23 months)",SH.IMM.IDPT,2002,84.0
Kenya,KEN,"Life expectancy at birth, total (years)",SP.DYN.LE00.IN,2002,54.99
Kenya,KEN,"Maternal mortality ratio (modeled estimate, per 100,000 live births)",SH.STA.MMRT,2002,536.0
South Africa,ZAF,"Immunization, DPT (% of children ages 12-23 months)",SH.IMM.IDPT,2002,70.0
South Africa,ZAF,"Life expectancy at birth, total (years)",SP.DYN.LE00.IN,2002,55.666
South Africa,ZAF,"Maternal mortality ratio (modeled estimate, per 100,000 live births)",SH.STA.MMRT,2002,193.0
Ethiopia,ETH,"Immunization, DPT (% of children ages 12-23 months)",SH.IMM.IDPT,2003,37.0
Ethiopia,ETH,"Life expectancy at birth, total (years)",SP.DYN.LE00.IN,2003,52.533
Ethiopia,ETH,"Maternal mortality ratio (modeled estimate, per 100,000 live births)",SH.STA.MMRT,2003,906.0
Ghana,GHA,"Immunization, DPT (% of children ages 12-23 months)",SH.IMM.IDPT,2003,80.0
Ghana,GHA,"Life expectancy at birth, total (years)",SP.DYN.LE00.IN,2003,59.111
Ghana,GHA,"Maternal mortality ratio (modeled estimate, per 100,000 live births)",SH.STA.MMRT,2003,424.0
Kenya,KEN,"Immunization, DPT (% of children ages 12-23 months)",SH.IMM.IDPT,2003,73.0
Kenya,KEN,"Life expectancy at birth, total (years)",SP.DYN.LE00.IN,2003,55.601
Kenya,KEN,"Maternal mortality ratio (modeled estimate, per 100,000 live births)",SH.STA.MMRT,2003,525.0
South Africa,ZAF,"Immunization, DPT (% of children ages 12-23 months)",SH.IMM.IDPT,2003,69.0
South Africa,ZAF,"Life expectancy at birth, total (years)",SP.DYN.LE00.IN,2003,54.331
South Africa,ZAF,"Maternal mortality ratio (modeled estimate, per 100,000 live births)",SH.STA.MMRT,2003,205.0
Ethiopia,ETH,"Immunization, DPT (% of children ages 12-23 months)",SH.IMM.IDPT,2004,40.0
Ethiopia,ETH,"Life expectancy at birth, total (years)",SP.DYN.LE00.IN,2004,53.235
Ethiopia,ETH,"Maternal mortality ratio (modeled estimate, per 100,000 live births)",SH.STA.MMRT,2004,900.0
Ghana,GHA,"Immunization, DPT (% of children ages 12-23 months)",SH.IMM.IDPT,2004,80.0
Ghana,GHA,"Life expectancy at birth, total (years)",SP.DYN.LE00.IN,2004,59.191
Ghana,GHA,"Maternal mortality ratio (modeled estimate, per 100,000 live births)",SH.STA.MMRT,2004,420.0
Kenya,KEN,"Immunization, DPT (% of children ages 12-23 months)",SH.IMM.IDPT,2004,73.0
Kenya,KEN,"Life expectancy at birth, total (years)",SP.DYN.LE00.IN,2004,56.361
Kenya,KEN,"Maternal mortality ratio (modeled estimate, per 100,000 live births)",SH.STA.MMRT,2004,504.0
South Africa,ZAF,"Immunization, DPT (% of children ages 12-23 months)",SH.IMM.IDPT,2004,74.0
South Africa,ZAF,"Life expectancy at birth, total (years)",SP.DYN.LE00.IN,2004,54.043
South Africa,ZAF,"Maternal mortality ratio (modeled estimate, per 100,000 live births)",SH.STA.MMRT,2004,232.0
Ethiopia,ETH,"Immunization, DPT (% of children ages 12-23 months)",SH.IMM.IDPT,2005,44.0
Ethiopia,ETH,"Life expectancy at birth, total (years)",SP.DYN.LE00.IN,2005,54.008
Ethiopia,ETH,"Maternal mortality ratio (modeled estimate, per 100,000 live births)",SH.STA.MMRT,2005,880.0
Ghana,GHA,"Immunization, DPT (% of children ages 12-23 months)",SH.IMM.IDPT,2005,84.0
Ghana,GHA,"Life expectancy at birth, total (years)",SP.DYN.LE00.IN,2005,59.76
Ghana,GHA,"Maternal mortality ratio (modeled estimate, per 100,000 live births)",SH.STA.MMRT,2005,390.0
Kenya,KEN,"Immunization, DPT (% of children ages 12-23 months)",SH.IMM.IDPT,2005,76.0
Kenya,KEN,"Life expectancy at birth, total (years)",SP.DYN.LE00.IN,2005,57.344
Kenya,KEN,"Maternal mortality ratio (modeled estimate, per 100,000 live births)",SH.STA.MMRT,2005,503.0
South Africa,ZAF,"Immunization, DPT (% of children ages 12-23 months)",SH.IMM.IDPT,2005,81.0
South Africa,ZAF,"Life expectancy at birth, total (years)",SP.DYN.LE00.IN,2005,53.98
South Africa,ZAF,"Maternal mortality ratio (modeled estimate, per 100,000 live births)",SH.STA.MMRT,2005,221.0
Ethiopia,ETH,"Immunization, DPT (% of children ages 12-23 months)",SH.IMM.IDPT,2006,46.0
Ethiopia,ETH,"Life expectancy at birth, total (years)",SP.DYN.LE00.IN,2006,55.149
Ethiopia,ETH,"Maternal mortality ratio (modeled estimate, per 100,000 live births)",SH.STA.MMRT,2006,814.0
Ghana,GHA,"Immunization, DPT (% of children ages 12-23 months)",SH.IMM.IDPT,2006,84.0
Ghana,GHA,"Life expectancy at birth, total (years)",SP.DYN.LE00.IN,2006,59.988
Ghana,GHA,"Maternal mortality ratio (modeled estimate, per 100,000 live births)",SH.STA.MMRT,2006,365.0
Kenya,KEN,"Immunization, DPT (% of children ages 12-23 months)",SH.IMM.IDPT,2006,80.0
Kenya,KEN,"Life expectancy at birth, total (years)",SP.DYN.LE00.IN,2006,58.222
Kenya,KEN,"Maternal mortality ratio (modeled estimate, per 100,000 live births)",SH.STA.MMRT,2006,493.0
South Africa,ZAF,"Immunization, DPT (% of children ages 12-23 months)",SH.IMM.IDPT,2006,84.0
South Africa,ZAF,"Life expectancy at birth, total (years)",SP.DYN.LE00.IN,2006,54.278
South Africa,ZAF,"Maternal mortality ratio (modeled estimate, per 100,000 live births)",SH.STA.MMRT,2006,208.0
Ethiopia,ETH,"Immunization, DPT (% of children ages 12-23 months)",SH.IMM.IDPT,2007,50.0
Ethiopia,ETH,"Life expectancy at birth, total (years)",SP.DYN.LE00.IN,2007,56.426
Ethiopia,ETH,"Maternal mortality ratio (modeled estimate, per 100,000 live births)",SH.STA.MMRT,2007,780.0
Ghana,GHA,"Immunization, DPT (% of children ages 12-23 months)",SH.IMM.IDPT,2007,94.0
Ghana,GHA,"Life expectancy at birth, total (years)",SP.DYN.LE00.IN,2007,60.224
Ghana,GHA,"Maternal mortality ratio (modeled estimate, per 100,000 live births)",SH.STA.MMRT,2007,354.0
Kenya,KEN,"Immunization, DPT (% of children ages 12-23 months)",SH.IMM.IDPT,2007,81.0
Kenya,KEN,"Life expectancy at birth, total (years)",SP.DYN.LE00.IN,2007,58.865
Kenya,KEN,"Maternal mortality ratio (modeled estimate, per 100,000 live births)",SH.STA.MMRT,2007,494.0
South Africa,ZAF,"Immunization, DPT (% of children ages 12-23 months)",SH.IMM.IDPT,2007,85.0
South Africa,ZAF,"Life expectancy at birth, total (years)",SP.DYN.LE00.IN,2007,54.992
South Africa,ZAF,"Maternal mortality ratio (modeled estimate, per 100,000 live births)",SH.STA.MMRT,2007,218.0
Ethiopia,ETH,"Immunization, DPT (% of children ages 12-23 months)",SH.IMM.IDPT,2008,54.0
Ethiopia,ETH,"Life expectancy at birth, total (years)",SP.DYN.LE00.IN,2008,57.592
Ethiopia,ETH,"Maternal mortality ratio (modeled estimate, per 100,000 live births)",SH.STA.MMRT,2008,725.0
Ghana,GHA,"Immunization, DPT (% of children ages 12-23 months)",SH.IMM.IDPT,2008,93.0
Ghana,GHA,"Life expectancy at birth, total (years)",SP.DYN.LE00.IN,2008,60.49
Ghana,GHA,"Maternal mortality ratio (modeled estimate, per 100,000 live births)",SH.STA.MMRT,2008,354.0
Kenya,KEN,"Immunization, DPT (% of children ages 12-23 months)",SH.IMM.IDPT,2008,88.0
Kenya,KEN,"Life expectancy at birth, total (years)",SP.DYN.LE00.IN,2008,59.614
Kenya,KEN,"Maternal mortality ratio (modeled estimate, per 100,000 live births)",SH.STA.MMRT,2008,484.0
South Africa,ZAF,"Immunization, DPT (% of children ages 12-23 months)",SH.IMM.IDPT,2008,82.0
South Africa,ZAF,"Life expectancy at birth, total (years)",SP.DYN.LE00.IN,2008,56.022
South Africa,ZAF,"Maternal mortality ratio (modeled estimate, per 100,000 live births)",SH.STA.MMRT,2008,216.0
Ethiopia,ETH,"Immunization, DPT (% of children ages 12-23 months)",SH.IMM.IDPT,2009,58.0
Ethiopia,ETH,"Life expectancy at birth, total (years)",SP.DYN.LE00.IN,2009,58.804
Ethiopia,ETH,"Maternal mortality ratio (modeled estimate, per 100,000 live births)",SH.STA.MMRT,2009,684.0
Ghana,GHA,"Immunization, DPT (% of children ages 12-23 months)",SH.IMM.IDPT,2009,94.0
Ghana,GHA,"Life expectancy at birth, total (years)",SP.DYN.LE00.IN,2009,60.946
Ghana,GHA,"Maternal mortality ratio (modeled estimate, per 100,000 live births)",SH.STA.MMRT,2009,337.0
Kenya,KEN,"Immunization, DPT (% of children ages 12-23 months)",SH.IMM.IDPT,2009,88.0
Kenya,KEN,"Life expectancy at birth, total (years)",SP.DYN.LE00.IN,2009,60.365
Kenya,KEN,"Maternal mortality ratio (modeled estimate, per 100,000 live births)",SH.STA.MMRT,2009,464.0
South Africa,ZAF,"Immunization, DPT (% of children ages 12-23 months)",SH.IMM.IDPT,2009,81.0
South Africa,ZAF,"Life expectancy at birth, total (years)",SP.DYN.LE00.IN,2009,57.447
South Africa,ZAF,"Maternal mortality ratio (modeled estimate, per 100,000 live births)",SH.STA.MMRT,2009,225.0
Ethiopia,ETH,"Immunization, DPT (% of children ages 12-23 months)",SH.IMM.IDPT,2010,61.0
Ethiopia,ETH,"Life expectancy at birth, total (years)",SP.DYN.LE00.IN,2010,59.73
Ethiopia,ETH,"Maternal mortality ratio (modeled estimate, per 100,000 live births)",SH.STA.MMRT,2010,635.0
Ghana,GHA,"Immunization, DPT (% of children ages 12-23 months)",SH.IMM.IDPT,2010,94.0
Ghana,GHA,"Life expectancy at birth, total (years)",SP.DYN.LE00.IN,2010,61.157
Ghana,GHA,"Maternal mortality ratio (modeled estimate, per 100,000 live births)",SH.STA.MMRT,2010,337.0
Kenya,KEN,"Immunization, DPT (% of children ages 12-23 months)",SH.IMM.IDPT,2010,90.0
Kenya,KEN,"Life expectancy at birth, total (years)",SP.DYN.LE00.IN,2010,60.649
Kenya,KEN,"Maternal mortality ratio (modeled estimate, per 100,000 live births)",SH.STA.MMRT,2010,476.0
South Africa,ZAF,"Immunization, DPT (% of children ages 12-23 months)",SH.IMM.IDPT,2010,77.0
South Africa,ZAF,"Life expectancy at birth, total (years)",SP.DYN.LE00.IN,2010,58.899
South Africa,ZAF,"Maternal mortality ratio (modeled estimate, per 100,000 live births)",SH.STA.MMRT,2010,219.0
Ethiopia,ETH,"Immunization, DPT (% of children ages 12-23 months)",SH.IMM.IDPT,2011,65.0
Ethiopia,ETH,"Life expectancy at birth, total (years)",SP.DYN.LE00.IN,2011,60.721
Ethiopia,ETH,"Maternal mortality ratio (modeled estimate, per 100,000 live births)",SH.STA.MMRT,2011,603.0
Ghana,GHA,"Immunization, DPT (% of children ages 12-23 months)",SH.IMM.IDPT,2011,91.0
Ghana,GHA,"Life expectancy at birth, total (years)",SP.DYN.LE00.IN,2011,61.652
Ghana,GHA,"Maternal mortality ratio (modeled estimate, per 100,000 live births)",SH.STA.MMRT,2011,317.0
Kenya,KEN,"Immunization, DPT (% of children ages 12-23 months)",SH.IMM.IDPT,2011,96.0
Kenya,KEN,"Life expectancy at birth, total (years)",SP.DYN.LE00.IN,2011,61.046
Kenya,KEN,"Maternal mortality ratio (modeled estimate, per 100,000 live births)",SH.STA.MMRT,2011,473.0
South Africa,ZAF,"Immunization, DPT (% of children ages 12-23 months)",SH.IMM.IDPT,2011,75.0
South Africa,ZAF,"Life expectancy at birth, total (years)",SP.DYN.LE00.IN,2011,60.651
South Africa,ZAF,"Maternal mortality ratio (modeled estimate, per 100,000 live births)",SH.STA.MMRT,2011,194.0
Ethiopia,ETH,"Immunization, DPT (% of children ages 12-23 months)",SH.IMM.IDPT,2012,62.0
Ethiopia,ETH,"Life expectancy at birth, total (years)",SP.DYN.LE00.IN,2012,61.543
Ethiopia,ETH,"Maternal mortality ratio (modeled estimate, per 100,000 live births)",SH.STA.MMRT,2012,543.0
Ghana,GHA,"Immunization, DPT (% of children ages 12-23 months)",SH.IMM.IDPT,2012,92.0
Ghana,GHA,"Life expectancy at birth, total (years)",SP.DYN.LE00.IN,2012,62.081
Ghana,GHA,"Maternal mortality ratio (modeled estimate, per 100,000 live births)",SH.STA.MMRT,2012,305.0
Kenya,KEN,"Immunization, DPT (% of children ages 12-23 months)",SH.IMM.IDPT,2012,94.0
Kenya,KEN,"Life expectancy at birth, total (years)",SP.DYN.LE00.IN,2012,61.115
Kenya,KEN,"Maternal mortality ratio (modeled estimate, per 100,000 live births)",SH.STA.MMRT,2012,477.0
South Africa,ZAF,"Immunization, DPT (% of children ages 12-23 months)",SH.IMM.IDPT,2012,71.0
South Africa,ZAF,"Life expectancy at birth, total (years)",SP.DYN.LE00.IN,2012,61.846
South Africa,ZAF,"Maternal mortality ratio (modeled estimate, per 100,000 live births)",SH.STA.MMRT,2012,164.0
Ethiopia,ETH,"Immunization, DPT (% of children ages 12-23 months)",SH.IMM.IDPT,2013,59.0
Ethiopia,ETH,"Life expectancy at birth, total (years)",SP.DYN.LE00.IN,2013,62.373
Ethiopia,ETH,"Maternal mortality ratio (modeled estimate, per 100,000 live births)",SH.STA.MMRT,2013,498.0
Ghana,GHA,"Immunization, DPT (% of children ages 12-23 months)",SH.IMM.IDPT,2013,90.0
Ghana,GHA,"Life expectancy at birth, total (years)",SP.DYN.LE00.IN,2013,62.42
Ghana,GHA,"Maternal mortality ratio (modeled estimate, per 100,000 live births)",SH.STA.MMRT,2013,305.0
Kenya,KEN,"Immunization, DPT (% of children ages 12-23 months)",SH.IMM.IDPT,2013,87.0
Kenya,KEN,"Life expectancy at birth, total (years)",SP.DYN.LE00.IN,2013,61.389
Kenya,KEN,"Maternal mortality ratio (modeled estimate, per 100,000 live births)",SH.STA.MMRT,2013,516.0
South Africa,ZAF,"Immunization, DPT (% of children ages 12-23 months)",SH.IMM.IDPT,2013,81.0
South Africa,ZAF,"Life expectancy at birth, total (years)",SP.DYN.LE00.IN,2013,62.533
South Africa,ZAF,"Maternal mortality ratio (modeled estimate, per 100,000 live births)",SH.STA.MMRT,2013,151.0
Ethiopia,ETH,"Immunization, DPT (% of children ages 12-23 months)",SH.IMM.IDPT,2014,61.0
Ethiopia,ETH,"Life expectancy at birth, total (years)",SP.DYN.LE00.IN,2014,62.905
Ethiopia,ETH,"Maternal mortality ratio (modeled estimate, per 100,000 live births)",SH.STA.MMRT,2014,447.0
Ghana,GHA,"Immunization, DPT (% of children ages 12-23 months)",SH.IMM.IDPT,2014,98.0
Ghana,GHA,"Life expectancy at birth, total (years)",SP.DYN.LE00.IN,2014,63.045
Ghana,GHA,"Maternal mortality ratio (modeled estimate, per 100,000 live births)",SH.STA.MMRT,2014,286.0
Kenya,KEN,"Immunization, DPT (% of children ages 12-23 months)",SH.IMM.IDPT,2014,92.0
Kenya,KEN,"Life expectancy at birth, total (years)",SP.DYN.LE00.IN,2014,61.816
Kenya,KEN,"Maternal mortality ratio (modeled estimate, per 100,000 live births)",SH.STA.MMRT,2014,507.0
South Africa,ZAF,"Immunization, DPT (% of children ages 12-23 months)",SH.IMM.IDPT,2014,85.0
South Africa,ZAF,"Life expectancy at birth, total (years)",SP.DYN.LE00.IN,2014,63.38
South Africa,ZAF,"Maternal mortality ratio (modeled estimate, per 100,000 live births)",SH.STA.MMRT,2014,141.0
Ethiopia,ETH,"Immunization, DPT (% of children ages 12-23 months)",SH.IMM.IDPT,2015,63.0
Ethiopia,ETH,"Life expectancy at birth, total (years)",SP.DYN.LE00.IN,2015,63.649
Ethiopia,ETH,"Maternal mortality ratio (modeled estimate, per 100,000 live births)",SH.STA.MMRT,2015,399.0
Ghana,GHA,"Immunization, DPT (% of children ages 12-23 months)",SH.IMM.IDPT,2015,88.0
Ghana,GHA,"Life expectancy at birth, total (years)",SP.DYN.LE00.IN,2015,63.175
Ghana,GHA,"Maternal mortality ratio (modeled estimate, per 100,000 live births)",SH.STA.MMRT,2015,286.0
Kenya,KEN,"Immunization, DPT (% of children ages 12-23 months)",SH.IMM.IDPT,2015,89.0
Kenya,KEN,"Life expectancy at birth, total (years)",SP.DYN.LE00.IN,2015,61.892
Kenya,KEN,"Maternal mortality ratio (modeled estimate, per 100,000 live births)",SH.STA.MMRT,2015,483.0
South Africa,ZAF,"Immunization, DPT (% of children ages 12-23 months)",SH.IMM.IDPT,2015,85.0
South Africa,ZAF,"Life expectancy at birth, total (years)",SP.DYN.LE00.IN,2015,63.95
South Africa,ZAF,"Maternal mortality ratio (modeled estimate, per 100,000 live births)",SH.STA.MMRT,2015,141.0
Ethiopia,ETH,"Immunization, DPT (% of children ages 12-23 months)",SH.IMM.IDPT,2016,66.0
Ethiopia,ETH,"Life expectancy at birth, total (years)",SP.DYN.LE00.IN,2016,64.392
Ethiopia,ETH,"Maternal mortality ratio (modeled estimate, per 100,000 live births)",SH.STA.MMRT,2016,356.0
Ghana,GHA,"Immunization, DPT (% of children ages 12-23 months)",SH.IMM.IDPT,2016,93.0
Ghana,GHA,"Life expectancy at birth, total (years)",SP.DYN.LE00.IN,2016,63.89
Ghana,GHA,"Maternal mortality ratio (modeled estimate, per 100,000 live births)",SH.STA.MMRT,2016,258.0
Kenya,KEN,"Immunization, DPT (% of children ages 12-23 months)",SH.IMM.IDPT,2016,88.0
Kenya,KEN,"Life expectancy at birth, total (years)",SP.DYN.LE00.IN,2016,62.163
Kenya,KEN,"Maternal mortality ratio (modeled estimate, per 100,000 live births)",SH.STA.MMRT,2016,505.0
South Africa,ZAF,"Immunization, DPT (% of children ages 12-23 months)",SH.IMM.IDPT,2016,85.0
South Africa,ZAF,"Life expectancy at birth, total (years)",SP.DYN.LE00.IN,2016,64.747
South Africa,ZAF,"Maternal mortality ratio (modeled estimate, per 100,000 live births)",SH.STA.MMRT,2016,127.0
Ethiopia,ETH,"Immunization, DPT (% of children ages 12-23 months)",SH.IMM.IDPT,2017,68.0
Ethiopia,ETH,"Life expectancy at birth, total (years)",SP.DYN.LE00.IN,2017,64.838
Ethiopia,ETH,"Maternal mortality ratio (modeled estimate, per 100,000 live births)",SH.STA.MMRT,2017,348.0
Ghana,GHA,"Immunization, DPT (% of children ages 12-23 months)",SH.IMM.IDPT,2017,99.0
Ghana,GHA,"Life expectancy at birth, total (years)",SP.DYN.LE00.IN,2017,64.013
Ghana,GHA,"Maternal mortality ratio (modeled estimate, per 100,000 live births)",SH.STA.MMRT,2017,274.0
Kenya,KEN,"Immunization, DPT (% of children ages 12-23 months)",SH.IMM.IDPT,2017,81.0
Kenya,KEN,"Life expectancy at birth, total (years)",SP.DYN.LE00.IN,2017,62.481
Kenya,KEN,"Maternal mortality ratio (modeled estimate, per 100,000 live births)",SH.STA.MMRT,2017,490.0
South Africa,ZAF,"Immunization, DPT (% of children ages 12-23 months)",SH.IMM.IDPT,2017,84.0
South Africa,ZAF,"Life expectancy at birth, total (years)",SP.DYN.LE00.IN,2017,65.402
South Africa,ZAF,"Maternal mortality ratio (modeled estimate, per 100,000 live births)",SH.STA.MMRT,2017,133.0
Ethiopia,ETH,"Immunization, DPT (% of children ages 12-23 months)",SH.IMM.IDPT,2018,67.0
Ethiopia,ETH,"Life expectancy at birth, total (years)",SP.DYN.LE00.IN,2018,65.412
Ethiopia,ETH,"Maternal mortality ratio (modeled estimate, per 100,000 live births)",SH.STA.MMRT,2018,312.0
Ghana,GHA,"Immunization, DPT (% of children ages 12-23 months)",SH.IMM.IDPT,2018,97.0
Ghana,GHA,"Life expectancy at birth, total (years)",SP.DYN.LE00.IN,2018,64.122
Ghana,GHA,"Maternal mortality ratio (modeled estimate, per 100,000 live births)",SH.STA.MMRT,2018,273.0
Kenya,KEN,"Immunization, DPT (% of children ages 12-23 months)",SH.IMM.IDPT,2018,91.0
Kenya,KEN,"Life expectancy at birth, total (years)",SP.DYN.LE00.IN,2018,62.676
Kenya,KEN,"Maternal mortality ratio (modeled estimate, per 100,000 live births)",SH.STA.MMRT,2018,512.0
South Africa,ZAF,"Immunization, DPT (% of children ages 12-23 months)",SH.IMM.IDPT,2018,82.0
South Africa,ZAF,"Life expectancy at birth, total (years)",SP.DYN.LE00.IN,2018,65.674
South Africa,ZAF,"Maternal mortality ratio (modeled estimate, per 100,000 live births)",SH.STA.MMRT,2018,125.0
Ethiopia,ETH,"Immunization, DPT (% of children ages 12-23 months)",SH.IMM.IDPT,2019,68.0
Ethiopia,ETH,"Life expectancy at birth, total (years)",SP.DYN.LE00.IN,2019,65.838
Ethiopia,ETH,"Maternal mortality ratio (modeled estimate, per 100,000 live births)",SH.STA.MMRT,2019,294.0
Ghana,GHA,"Immunization, DPT (% of children ages 12-23 months)",SH.IMM.IDPT,2019,97.0
Ghana,GHA,"Life expectancy at birth, total (years)",SP.DYN.LE00.IN,2019,64.74
Ghana,GHA,"Maternal mortality ratio (modeled estimate, per 100,000 live births)",SH.STA.MMRT,2019,244.0
Kenya,KEN,"Immunization, DPT (% of children ages 12-23 months)",SH.IMM.IDPT,2019,93.0
Kenya,KEN,"Life expectancy at birth, total (years)",SP.DYN.LE00.IN,2019,62.943
Kenya,KEN,"Maternal mortality ratio (modeled estimate, per 100,000 live births)",SH.STA.MMRT,2019,503.0
South Africa,ZAF,"Immunization, DPT (% of children ages 12-23 months)",SH.IMM.IDPT,2019,85.0
South Africa,ZAF,"Life expectancy at birth, total (years)",SP.DYN.LE00.IN,2019,66.175
South Africa,ZAF,"Maternal mortality ratio (modeled estimate, per 100,000 live births)",SH.STA.MMRT,2019,118.0
Ethiopia,ETH,"Immunization, DPT (% of children ages 12-23 months)",SH.IMM.IDPT,2020,71.0
Ethiopia,ETH,"Life expectancy at birth, total (years)",SP.DYN.LE00.IN,2020,65.371
Ethiopia,ETH,"Maternal mortality ratio (modeled estimate, per 100,000 live births)",SH.STA.MMRT,2020,267.0
Ghana,GHA,"Immunization, DPT (% of children ages 12-23 months)",SH.IMM.IDPT,2020,94.0
Ghana,GHA,"Life expectancy at birth, total (years)",SP.DYN.LE00.IN,2020,64.114
Ghana,GHA,"Maternal mortality ratio (modeled estimate, per 100,000 live births)",SH.STA.MMRT,2020,263.0
Kenya,KEN,"Immunization, DPT (% of children ages 12-23 months)",SH.IMM.IDPT,2020,93.0
Kenya,KEN,"Life expectancy at birth, total (years)",SP.DYN.LE00.IN,2020,62.675
Kenya,KEN,"Maternal mortality ratio (modeled estimate, per 100,000 live births)",SH.STA.MMRT,2020,530.0
South Africa,ZAF,"Immunization, DPT (% of children ages 12-23 months)",SH.IMM.IDPT,2020,84.0
South Africa,ZAF,"Life expectancy at birth, total (years)",SP.DYN.LE00.IN,2020,65.252
South Africa,ZAF,"Maternal mortality ratio (modeled estimate, per 100,000 live births)",SH.STA.MMRT,2020,127.0
Ethiopia,ETH,"Immunization, DPT (% of children ages 12-23 months)",SH.IMM.IDPT,2021,65.0
Ethiopia,ETH,"Life expectancy at birth, total (years)",SP.DYN.LE00.IN,2021,64.975
Ghana,GHA,"Immunization, DPT (% of children ages 12-23 months)",SH.IMM.IDPT,2021,98.0
Ghana,GHA,"Life expectancy at birth, total (years)",SP.DYN.LE00.IN,2021,63.795
Kenya,KEN,"Immunization, DPT (% of children ages 12-23 months)",SH.IMM.IDPT,2021,95.0
Kenya,KEN,"Life expectancy at birth, total (years)",SP.DYN.LE00.IN,2021,61.427
South Africa,ZAF,"Immunization, DPT (% of children ages 12-23 months)",SH.IMM.IDPT,2021,86.0
South Africa,ZAF,"Life expectancy at birth, total (years)",SP.DYN.LE00.IN,2021,62.341
Ethiopia,ETH,"Immunization, DPT (% of children ages 12-23 months)",SH.IMM.IDPT,2022,65.0
Ethiopia,ETH,"Life expectancy at birth, total (years)",SP.DYN.LE00.IN,2022,65.645
Ghana,GHA,"Immunization, DPT (% of children ages 12-23 months)",SH.IMM.IDPT,2022,99.0
Ghana,GHA,"Life expectancy at birth, total (years)",SP.DYN.LE00.IN,2022,63.945
Kenya,KEN,"Immunization, DPT (% of children ages 12-23 months)",SH.IMM.IDPT,2022,94.0
Kenya,KEN,"Life expectancy at birth, total (years)",SP.DYN.LE00.IN,2022,62.055
South Africa,ZAF,"Immunization, DPT (% of children ages 12-23 months)",SH.IMM.IDPT,2022,85.0
South Africa,ZAF,"Life expectancy at birth, total (years)",SP.DYN.LE00.IN,2022,61.48
Ethiopia,ETH,"Immunization, DPT (% of children ages 12-23 months)",SH.IMM.IDPT,2023,72.0
Ghana,GHA,"Immunization, DPT (% of children ages 12-23 months)",SH.IMM.IDPT,2023,95.0
Kenya,KEN,"Immunization, DPT (% of children ages 12-23 months)",SH.IMM.IDPT,2023,93.0
South Africa,ZAF,"Immunization, DPT (% of children ages 12-23 months)",SH.IMM.IDPT,2023,79.0
